{"loss": [1421.6185403511533, 24.275853890768413, 10.085593264614486, 5.339156366044847, 3.491215523726018, 2.464675430766678, 1.7852521407014537, 1.4532323961100686, 1.1681080537565292, 0.9355382762743479, 0.8796009029403065, 0.7519483827004279, 0.7264479319083545, 0.670498565604278, 0.6007497074024739, 0.6640211547618954], "val_loss": [6.689440144685629, 1.3584654185347713, 1.1108528758568765, 1.0789737075023362, 1.0971024923307775, 0.9982865115806108, 0.8919053170984523, 1.0440120896527698, 0.7989201955389106, 0.8496611288403733, 0.6793918132608928, 0.733587826984965, 0.7302693505441188, 0.8301536309050357, 0.7177453168950997, 0.8877709304325959]}